1,20BCA01,AGRAWAL VIKAS RAJKUMAR,20BCA01@VTCBB.EDU.IN,,123,
2,20BCA02,AHIR MANSI NARESHBHAI,20BCA02@VTCBB.EDU.IN,,123, 
3,20BCA03,AMRELIYA NIRALI NARESHBHAI,20BCA03@VTCBB.EDU.IN,,123,
4,20BCA04,BARAD RISHIRAJ KALPESHKUMAR,20BCA04@VTCBB.EDU.IN,,123,
5,20BCA05,BHAIYAT RAFE SAKIR,20BCA05@VTCBB.EDU.IN,,123,
6,20BCA06,BHAVSAR RUCHI MANISHKUMAR,20BCA06@VTCBB.EDU.IN,,123,
7,20BCA07,BHAVSAR SHIV PARASKUMAR,20BCA07@VTCBB.EDU.IN,,123,
8,20BCA08,BHIMANI KHUSHBUBEN GIRDHARBHAI,20BCA08@VTCBB.EDU.IN,,123,
9,20BCA09,BIST RESHMABEN POHALBHAI,20BCA09@VTCBB.EDU.IN,,123,
10,20BCA10,CHAPLA RONAK RAKESHBHAI,20BCA10@VTCBB.EDU.IN,,123,
11,20BCA11,CHAUDHARI KHYATIKUMARI MUKESHBHAI,20BCA11@VTCBB.EDU.IN,,123,
12,20BCA12,CHAUDHARI PREYASHKUMAR RAKESHBHAI,20BCA12@VTCBB.EDU.IN,,123,
13,20BCA13,CHAUDHARI RIKEN SIDDHARTHBHAI,20BCA13@VTCBB.EDU.IN,,123,
14,20BCA14,CHAUHAN JAYRAJSINH SARDARSINH,20BCA14@VTCBB.EDU.IN,,123,
15,20BCA15,DEVDHARA DRASHTI JITENDRASINH,20BCA15@VTCBB.EDU.IN,,123,
16,20BCA16,DEVDHARA HETVIKUMARI VIJAYSINH,20BCA16@VTCBB.EDU.IN,,123,
17,20BCA17,DUBE NITINKUMAR NARENDRABHAI,20BCA17@VTCBB.EDU.IN,,123,
18,20BCA18,DUMRALIYA DARSHIKKUMAR SANDIPBHAI,20BCA18@VTCBB.EDU.IN,,123,
19,20BCA19,DUMRALIYA SACHINBHAI UMESHBHAI,20BCA19@VTCBB.EDU.IN,,123,
20,20BCA20,DUMRALIYA VIVEKBHAI SHANTIBHAI,20BCA20@VTCBB.EDU.IN,,123,
21,20BCA21,FALDU AYUSHI KAILASHBHAI,20BCA21@VTCBB.EDU.IN,,123,
22,20BCA22,GAJJAR HARSHIL ANILBHAI,20BCA22@VTCBB.EDU.IN,,123,
23,20BCA23,GALANI ANSH JIVANBHAI,20BCA23@VTCBB.EDU.IN,,123,
24,20BCA24,GAMI URVI SURESHBHAI,20BCA24@VTCBB.EDU.IN,,123,
25,20BCA25,GOND SHIVAMKUMAR KOMALBHAI,20BCA25@VTCBB.EDU.IN,,123,
26,20BCA26,GOSWAMI DEVGIRI GANESHGIRI,20BCA26@VTCBB.EDU.IN,,123,
27,20BCA27,HINDUSTANI KHUSHI GAUTAMRAJ,20BCA27@VTCBB.EDU.IN,,123,
28,20BCA28,HIRPARA MITESH GOPALBHAI,20BCA28@VTCBB.EDU.IN,,123,
29,20BCA29,KHATRI AMI ASHISHBHAI,20BCA29@VTCBB.EDU.IN,,123,
30,20BCA30,KUMAVAT ADITYA BHARATBHAI,20BCA30@VTCBB.EDU.IN,,123,
31,20BCA31,LAKHANI TANVIBAHEN NARESHBHAI,20BCA31@VTCBB.EDU.IN,,123,
32,20BCA32,LALANI MUSKAN HEMANT,20BCA32@VTCBB.EDU.IN,,123,
33,20BCA33,MAHYAVANSHI DHRUVIKUMARI HASMUKHBHAI,20BCA33@VTCBB.EDU.IN,,123,
34,20BCA34,MAISURIYA NIRALI SANJAYBHAI,20BCA34@VTCBB.EDU.IN,,123,
35,20BCA35,MAITY ALPESH KALUBHAI,20BCA35@VTCBB.EDU.IN,,123,
36,20BCA36,MAKWANA AELISHA VANISHKUMAR,20BCA36@VTCBB.EDU.IN,,123,
37,20BCA37,MAKWANA SAPNA BHARATBHAI,20BCA37@VTCBB.EDU.IN,,123,
38,20BCA38,MANIYA JENIL NARESHBHAI,20BCA38@VTCBB.EDU.IN,,123,
39,20BCA39,MEGHAT ARPITKUMAR RAJENDRASINH,20BCA39@VTCBB.EDU.IN,,123,
40,20BCA40,MISHRA SAURABH DEVENDRA MISHRA,20BCA40@VTCBB.EDU.IN,,123,
41,20BCA41,MISTRY BHARGAVI ANILBHAI,20BCA41@VTCBB.EDU.IN,,123,
42,20BCA42,MISTRY HARSHKUMAR DARSHANKUMAR,20BCA42@VTCBB.EDU.IN,,123,
43,20BCA43,MISTRY KRINABEN CHETANKUMAR,20BCA43@VTCBB.EDU.IN,,123,
44,20BCA44,MISTRY MADANBHAI GANESHBHAI,20BCA44@VTCBB.EDU.IN,,123,
45,20BCA45,MISTRY RICKEN ANILBHAI,20BCA45@VTCBB.EDU.IN,,123,
46,20BCA46,MISTRY TISA VIJAYKUMAR,20BCA46@VTCBB.EDU.IN,,123,
47,20BCA47,MISTRY VRUTIKABEN KISHORKUMAR,20BCA47@VTCBB.EDU.IN,,123,
48,20BCA48,MORADIYA SMIT SURESHBHAI,20BCA48@VTCBB.EDU.IN,,123,
49,20BCA49,NAIK SHUCHI RAKESHKUMAR,20BCA49@VTCBB.EDU.IN,,123,
50,20BCA50,NAVIK CHINMAY AJAYBHAI,20BCA50@VTCBB.EDU.IN,,123,
51,20BCA51,NIKAM SANJANA GOPALBHAI,20BCA51@VTCBB.EDU.IN,,123,
52,20BCA52,ORNAWALA DHRUVI JITENDRABHAI,20BCA52@VTCBB.EDU.IN,,123,
53,20BCA53,OTARI HITESHKUMAR VINODBHAI,20BCA53@VTCBB.EDU.IN,,123,
54,20BCA54,PAL SUSHMADEVI MANIKCHANDRA,20BCA54@VTCBB.EDU.IN,,123,
55,20BCA55,PANCHAL URVIL CHETANKUMAR,20BCA55@VTCBB.EDU.IN,,123,
56,20BCA56,PANCHAL VIDHI PARESHKUMAR,20BCA56@VTCBB.EDU.IN,,123,
57,20BCA57,PANWALA DIPALIKUMARI DINESHBHAI,20BCA57@VTCBB.EDU.IN,,123,
58,20BCA58,PAREKH SHIVANI BHUPENDRABHAI,20BCA58@VTCBB.EDU.IN,,123,
59,20BCA59,PARMAR HARSHIL RAMESH,20BCA59@VTCBB.EDU.IN,,123,
60,20BCA60,PARMAR KHUSHIKUMARI MUKESHBHAI,20BCA60@VTCBB.EDU.IN,,123,
61,20BCA61,PARMAR MOSAM SURENDRASINH,20BCA61@VTCBB.EDU.IN,,123,
62,20BCA62,PARMAR NIDHI RAMESHBHAI,20BCA62@VTCBB.EDU.IN,,123,
63,20BCA63,PARMAR SIMRAN DIPAKBHAI,20BCA63@VTCBB.EDU.IN,,123,
64,20BCA64,PARMAR TANVI RAMESHBHAI,20BCA64@VTCBB.EDU.IN,,123,
65,20BCA65,PARMAR VINIT UTTAMBHAI,20BCA65@VTCBB.EDU.IN,,123,
66,20BCA66,PARMAR ZINAL MANOJBHAI,20BCA66@VTCBB.EDU.IN,,123,
67,20BCA67,PATADIYA DHRUVALKUMAR AMRISHBHAI,20BCA67@VTCBB.EDU.IN,,123,
68,20BCA68,PATEL ADITYA RAMANBHAI,20BCA68@VTCBB.EDU.IN,,123,
69,20BCA69,PATEL AKSHAT RAKESHBHAI,20BCA69@VTCBB.EDU.IN,,123,
70,20BCA70,PATEL ANJALI PRAKASHBHAI,20BCA70@VTCBB.EDU.IN,,123,
71,20BCA71,PATEL ASMITABEN SANDIPBHAI,20BCA71@VTCBB.EDU.IN,,123,
72,20BCA72,PATEL AYUSH PARESHBHAI,20BCA72@VTCBB.EDU.IN,,123,
73,20BCA73,PATEL BHAVI SHARADBHAI,20BCA73@VTCBB.EDU.IN,,123,
74,20BCA74,PATEL BHUMI NAVINBHAI,20BCA74@VTCBB.EDU.IN,,123,
75,20BCA75,PATEL DEEP ASHISHBHAI,20BCA75@VTCBB.EDU.IN,,123,
76,20BCA76,PATEL DHRUTI NAVNITBHAI,20BCA76@VTCBB.EDU.IN,,123,
77,20BCA77,PATEL DHRUV SANDIPBHAI,20BCA77@VTCBB.EDU.IN,,123,
78,20BCA78,PATEL DHRUV YOGESHBHAI,20BCA78@VTCBB.EDU.IN,,123,
79,20BCA79,PATEL DHVANIBEN PARESHBHAI,20BCA79@VTCBB.EDU.IN,,123,
80,20BCA80,PATEL FAIZAN ISHAQ,20BCA80@VTCBB.EDU.IN,,123,
81,20BCA81,PATEL FENIL PRASHANTBHAI,20BCA81@VTCBB.EDU.IN,,123,
82,20BCA82,PATEL HARSHKUMAR PRAVINBHAI,20BCA82@VTCBB.EDU.IN,,123,
83,20BCA83,PATEL ISHA VIRENDRABHAI,20BCA83@VTCBB.EDU.IN,,123,
84,20BCA84,PATEL ISHABEN NILESHBHAI,20BCA84@VTCBB.EDU.IN,,123,
85,20BCA85,PATEL JASH HIRENKUMAR,20BCA85@VTCBB.EDU.IN,,123,
86,20BCA86,PATEL JAY HITESHKUMAR,20BCA86@VTCBB.EDU.IN,,123,
87,20BCA87,PATEL JAYKUMAR DHARMENDRABHAI,20BCA87@VTCBB.EDU.IN,,123,
88,20BCA88,PATEL JINAY DHARMENDRA,20BCA88@VTCBB.EDU.IN,,123,
89,20BCA89,PATEL KELIN SURESHBHAI,20BCA89@VTCBB.EDU.IN,,123,
90,20BCA90,PATEL KHUSHI HITESHBHAI,20BCA90@VTCBB.EDU.IN,,123,
91,20BCA91,PATEL KHUSHI SHAILESHBHAI,20BCA91@VTCBB.EDU.IN,,123,
92,20BCA92,PATEL KISHAN ROHITBHAI,20BCA92@VTCBB.EDU.IN,,123,
93,20BCA93,PATEL KRINAKUMARI HIRENBHAI,20BCA93@VTCBB.EDU.IN,,123,
94,20BCA94,PATEL KUNJ KAMLESHBHAI,20BCA94@VTCBB.EDU.IN,,123,
95,20BCA95,PATEL KUNJANBHAI SHAILESHBHAI,20BCA95@VTCBB.EDU.IN,,123,
96,20BCA96,PATEL MANSI RAJESHBHAI,20BCA96@VTCBB.EDU.IN,,123,
97,20BCA97,PATEL MILANKUMAR VIJAYBHAI,20BCA97@VTCBB.EDU.IN,,123,
98,20BCA98,PATEL OM VIJAYBHAI,20BCA98@VTCBB.EDU.IN,,123,
99,20BCA99,PATEL OMKUMAR JAYESHBHAI,20BCA99@VTCBB.EDU.IN,,123,
100,20BCA100,PATEL PARTHKUMAR BHARATBHAI,20BCA100@VTCBB.EDU.IN,,123,
101,20BCA101,PATEL PRIYALBEN BALLUBHAI,20BCA101@VTCBB.EDU.IN,,123,
102,20BCA102,PATEL PURVIKUMARI MUKESHBHAI,20BCA102@VTCBB.EDU.IN,,123,
103,20BCA103,PATEL RAJ BALDEVBHAI,20BCA103@VTCBB.EDU.IN,,123,
104,20BCA104,PATEL SAKSHI SEJALKUMAR,20BCA104@VTCBB.EDU.IN,,123,
105,20BCA105,PATEL SAXI KIRITBHAI,20BCA105@VTCBB.EDU.IN,,123,
106,20BCA106,PATEL VIDHI SUNILKUMAR,20BCA106@VTCBB.EDU.IN,,123,
107,20BCA107,PATEL VINITKUMAR MAHENDRABHAI,20BCA107@VTCBB.EDU.IN,,123,
108,20BCA108,PATEL VISHAKHA RAMESHBHAI,20BCA108@VTCBB.EDU.IN,,123,
109,20BCA109,PATEL VIVEK DHAVALBHAI,20BCA109@VTCBB.EDU.IN,,123,
110,20BCA110,PATEL VRUTIKA RAJUBHAI,20BCA110@VTCBB.EDU.IN,,123,
111,20BCA111,PATHAN MOHAMAD SAAD,20BCA111@VTCBB.EDU.IN,,123,
112,20BCA112,PATIL RIYA YOGESHBHAI,20BCA112@VTCBB.EDU.IN,,123,
113,20BCA113,PESHWA JAYVIRSINGH VIJAYBHAI,20BCA113@VTCBB.EDU.IN,,123,
114,20BCA114,PRAJAPATI JAY CHANDRAKANTBHAI,20BCA114@VTCBB.EDU.IN,,123,
115,20BCA115,PRAJAPATI KEVALKUMAR BHAVESHBHAI,20BCA115@VTCBB.EDU.IN,,123,
116,20BCA116,PRAJAPATI MUKESH DILIPBHAI,20BCA116@VTCBB.EDU.IN,,123,
117,20BCA117,PRAJAPATI SHIV KISHORBHAI,20BCA117@VTCBB.EDU.IN,,123,
118,20BCA118,PRAJAPATI TEJASH UMESHBHAI,20BCA118@VTCBB.EDU.IN,,123,
119,20BCA119,PRAJAPATI VIVEKKUMAR JAYANTIBHAI,20BCA119@VTCBB.EDU.IN,,123,
120,20BCA120,PUROHIT HEENA JABBARSINH,20BCA120@VTCBB.EDU.IN,,123,
121,20BCA121,RABARI RAJVEER NARENDRA,20BCA121@VTCBB.EDU.IN,,123,
122,20BCA122,RATHOD SHASHANKKUMAR VIKRAMBHAI,20BCA122@VTCBB.EDU.IN,,123,
123,20BCA123,RATHOD TRUSHA ROHITKUMAR,20BCA123@VTCBB.EDU.IN,,123,
124,20BCA124,RATHOD TRUSHARKUMAR JAGDISHBHAI,20BCA124@VTCBB.EDU.IN,,123,
125,20BCA125,SADAVRATI DARSHANBHAI GIRISHBHAI,20BCA125@VTCBB.EDU.IN,,123,
126,20BCA126,SATHALIYA HETAL KISHANBHAI,20BCA126@VTCBB.EDU.IN,,123,
127,20BCA127,SELOT HUMAIRABANU MAHMAD,20BCA127@VTCBB.EDU.IN,,123,
128,20BCA128,SHAH DEVAL NIKETKUMAR,20BCA128@VTCBB.EDU.IN,,123,
129,20BCA129,SHAIKH MOHAMMAD ADNAN,20BCA129@VTCBB.EDU.IN,,123,
130,20BCA130,SHAIKH SHAHID SAMIR AHMED,20BCA130@VTCBB.EDU.IN,,123,
131,20BCA131,SHARMA NARESH ASHOK,20BCA131@VTCBB.EDU.IN,,123,
132,20BCA132,SINGH ANSHU ARUN,20BCA132@VTCBB.EDU.IN,,123,
133,20BCA133,SINGH SHIVAM DILIP,20BCA133@VTCBB.EDU.IN,,123,
134,20BCA134,SOLANKI DEVKUMAR NAVINBHAI,20BCA134@VTCBB.EDU.IN,,123,
135,20BCA135,SONAVIYA RAHUL MANOJBHAI,20BCA135@VTCBB.EDU.IN,,123,
136,20BCA136,SURTI GRANTH GANESHBHAI,20BCA136@VTCBB.EDU.IN,,123,
137,20BCA137,TADVI PAYAL KISHANBHAI,20BCA137@VTCBB.EDU.IN,,123,
138,20BCA138,TAILOR SHIVAMKUMAR BHARATBHAI,20BCA138@VTCBB.EDU.IN,,123,
139,20BCA139,TAILOR SMIT RAKESHBHAI,20BCA139@VTCBB.EDU.IN,,123,
140,20BCA140,UMALE AASHUTOSH SHAMRAO,20BCA140@VTCBB.EDU.IN,,123,
141,20BCA141,VADI YASHKUMAR PRAVINBHAI,20BCA141@VTCBB.EDU.IN,,123,
142,20BCA142,VAGHASIYA APEXA VIJAYBHAI,20BCA142@VTCBB.EDU.IN,,123,
143,20BCA143,VASAVA AYUSHKUMAR ISHWARBHAI,20BCA143@VTCBB.EDU.IN,,123,
144,20BCA144,VASAVA DIPESHBHAI HARISHBHAI,20BCA144@VTCBB.EDU.IN,,123,
145,20BCA145,X ARJUN SURESHKUMAR,20BCA145@VTCBB.EDU.IN,,123,
146,20BCA146,YADAV RAJESHKUMAR SATYENDRABHAI,20BCA146@VTCBB.EDU.IN,,123,
147,20BCA147,YADAV SARITAKUMARI HARISHANKAR,20BCA147@VTCBB.EDU.IN,,123,
148,20BCA148,ZADAFIYA KENIL RAMESHBHAI,20BCA148@VTCBB.EDU.IN,,123,
149,20BCA149,RAVAL PARTH ARJANBHAI,20BCA149@VTCBB.EDU.IN,,123,
150,20BCA150,AHIR SWENI PRAKASHBHAI,20BCA150@VTCBB.EDU.IN,,123,
151,20BCA151,JOSHI SIDDHARTH RAMBABU,20BCA151@VTCBB.EDU.IN,,123,
152,19BCA01,Aariwala Dhruv Chetankumar,19BCA01@VTCBB.EDU.IN,,123,
153,19BCA02,Ahir Shivkumar Rajubhai,19BCA02@VTCBB.EDU.IN,,123,
154,19BCA03,Ahir Yashkumar Pareshbhai,19BCA03@VTCBB.EDU.IN,,123,
155,19BCA04,Bhaiyat Humera Sakir,19BCA04@VTCBB.EDU.IN,,123,
156,19BCA05,Bhakta Prachi Ashishkumar,19BCA05@VTCBB.EDU.IN,,123,
157,19BCA06,Bilikar Ayush Bharatbhai,19BCA06@VTCBB.EDU.IN,,123,
158,19BCA07,Chaudhari Jemisha Bakulbhai,19BCA07@VTCBB.EDU.IN,,123,
159,19BCA08,Chaudhari Nidhi Dalesingbhai,19BCA08@VTCBB.EDU.IN,,123,
160,19BCA09,Chaudhari Parth Hareshbhai,19BCA09@VTCBB.EDU.IN,,123,
161,19BCA10,Chaudhari Pritiben Shaileshbhai,19BCA10@VTCBB.EDU.IN,,123,
162,19BCA11,Chaudhri Ishaben Anilbhai,19BCA11@VTCBB.EDU.IN,,123,
163,19BCA12,Chauhan Herita Shailendrabhai,19BCA12@VTCBB.EDU.IN,,123,
164,19BCA14,Desai Heni Shaileshbhai,19BCA14@VTCBB.EDU.IN,,123,
165,19BCA15,Desai Rishirajsinh Jaydeepsinh,19BCA15@VTCBB.EDU.IN,,123,
166,19BCA16,Desale Yakin Vishwasrao,19BCA16@VTCBB.EDU.IN,,123,
167,19BCA17,Dhodiya Deep Vijaybhai,19BCA17@VTCBB.EDU.IN,,123,
168,19BCA18,Dube Pratikumar Santoshbhai,19BCA18@VTCBB.EDU.IN,,123,
169,19BCA19,Gohil Mahipal Harisinh,19BCA19@VTCBB.EDU.IN,,123,
170,19BCA20,Gupta Rohitkumar Harkesh,19BCA20@VTCBB.EDU.IN,,123,
171,19BCA21,Gupta Tarun Bahadurbhai,19BCA21@VTCBB.EDU.IN,,123,
172,19BCA22,Halpati Hiralkumari Nileshbhai,19BCA22@VTCBB.EDU.IN,,123,
173,19BCA23,Harsora Chintan Hareshbhai,19BCA23@VTCBB.EDU.IN,,123,
174,19BCA24,Jangir Rahul Maheshkumar,19BCA24@VTCBB.EDU.IN,,123,
175,19BCA25,Jani Ekta Maheshbhai,19BCA25@VTCBB.EDU.IN,,123,
176,19BCA26,Joshi Devang Ashokbhai,19BCA26@VTCBB.EDU.IN,,123,
177,19BCA27,Joshi Kush Dipanbhai,19BCA27@VTCBB.EDU.IN,,123,
178,19BCA29,Kanojiya Praduman Horilal,19BCA29@VTCBB.EDU.IN,,123,
179,19BCA30,Kathiriya Urvishaben Mukeshbhai,19BCA30@VTCBB.EDU.IN,,123,
180,19BCA31,Kazi Aman Muzib,19BCA31@VTCBB.EDU.IN,,123,
181,19BCA32,Khagad Hitesh Najabhai,19BCA32@VTCBB.EDU.IN,,123,
182,19BCA33,Kharachiya Janvi Nitinkumar,19BCA33@VTCBB.EDU.IN,,123,
183,19BCA34,Lad Jenishkumar Pankajbhai,19BCA34@VTCBB.EDU.IN,,123,
184,19BCA35,Lad Khushi Sureshbhai,19BCA35@VTCBB.EDU.IN,,123,
185,19BCA36,Lad Riddhi Satishkumar,19BCA36@VTCBB.EDU.IN,,123,
186,19BCA37,Maisuriya Divyesh Vasantbhai,19BCA37@VTCBB.EDU.IN,,123,
187,19BCA38,Maisuriya Meet Narendrabhai,19BCA38@VTCBB.EDU.IN,,123,
188,19BCA39,Mistry Dhruv Nilesh,19BCA39@VTCBB.EDU.IN,,123,
189,19BCA40,Mistry Janvi Bharatbhai,19BCA40@VTCBB.EDU.IN,,123,
190,19BCA41,Mistry Jay Pramodbhai,19BCA41@VTCBB.EDU.IN,,123,
191,19BCA42,Mistry Krinaben Pareshbhai,19BCA42@VTCBB.EDU.IN,,123,
192,19BCA43,Mistry Unnati Bharatbhai,19BCA43@VTCBB.EDU.IN,,123,
193,19BCA44,Modi Manthan Dipakbhai,19BCA44@VTCBB.EDU.IN,,123,
194,19BCA45,More Kirtibahen Pravinchandra,19BCA45@VTCBB.EDU.IN,,123,
195,19BCA46,Mori Yash Chetansinh,19BCA46@VTCBB.EDU.IN,,123,
196,19BCA47,Naik Vrajkumar Mehulbhai,19BCA47@VTCBB.EDU.IN,,123,
197,19BCA48,Nayka Hetal Dineshbhai,19BCA48@VTCBB.EDU.IN,,123,
198,19BCA49,Panara Rutika Rameshbhai,19BCA49@VTCBB.EDU.IN,,123,
199,19BCA50,Panchal Deep Ashokbhai,19BCA50@VTCBB.EDU.IN,,123,
200,19BCA51,Panchal Fenil Upendrabhai,19BCA51@VTCBB.EDU.IN,,123,
201,19BCA52,Panchal Prem Nileshbhai,19BCA52@VTCBB.EDU.IN,,123,
202,19BCA53,Parmar Anjali Dilipbhai,19BCA53@VTCBB.EDU.IN,,123,
203,19BCA54,Patel  Jenish Dipeshbhai,19BCA54@VTCBB.EDU.IN,,123,
204,19BCA55,Patel Alisha Sandipkumar,19BCA55@VTCBB.EDU.IN,,123,
205,19BCA56,Patel Ayushi Anilbhai,19BCA56@VTCBB.EDU.IN,,123,
206,19BCA57,Patel Ayushi Niteshbhai,19BCA57@VTCBB.EDU.IN,,123,
207,19BCA58,Patel Bhagyesh Pradipbhai,19BCA58@VTCBB.EDU.IN,,123,
208,19BCA59,Patel Bhaktiben Piyushbhai,19BCA59@VTCBB.EDU.IN,,123,
209,19BCA60,Patel Chiragkumar Sanjaybhai,19BCA60@VTCBB.EDU.IN,,123,
210,19BCA61,Patel Dev Dhrameshbhai,19BCA61@VTCBB.EDU.IN,,123,
211,19BCA64,Patel Devkumar Piyushbhai,19BCA64@VTCBB.EDU.IN,,123,
212,19BCA65,Patel Dharti Shaileshbhai,19BCA65@VTCBB.EDU.IN,,123,
213,19BCA66,Patel Dhruti Nitinbhai,19BCA66@VTCBB.EDU.IN,,123,
214,19BCA68,Patel Dhyanee Tejashkumar ,19BCA68@VTCBB.EDU.IN,,123,
215,19BCA69,Patel Divyeshkumar Mansukhbhai,19BCA69@VTCBB.EDU.IN,,123,
216,19BCA71,Patel Drastiben Ashishbhai,19BCA71@VTCBB.EDU.IN,,123,
217,19BCA73,Patel Gauravkumar Jigneshbhai,19BCA73@VTCBB.EDU.IN,,123,
218,19BCA74,Patel Harmony Nainishbhai,19BCA74@VTCBB.EDU.IN,,123,
219,19BCA75,Patel Harsh Hardikbhai,19BCA75@VTCBB.EDU.IN,,123,
220,19BCA76,Patel Harshit Ishwarbhai,19BCA76@VTCBB.EDU.IN,,123,
221,19BCA77,Patel Heni Vijaybhai,19BCA77@VTCBB.EDU.IN,,123,
222,19BCA78,Patel Jankikumari Mukeshbhai,19BCA78@VTCBB.EDU.IN,,123,
223,19BCA79,Patel Jay Sunilbhai,19BCA79@VTCBB.EDU.IN,,123,
224,19BCA80,Patel Jaykumar Bhupendrabhai,19BCA80@VTCBB.EDU.IN,,123,
225,19BCA81,Patel Karan Dharmendrabhai,19BCA81@VTCBB.EDU.IN,,123,
226,19BCA82,Patel Karan Jatinbhai,19BCA82@VTCBB.EDU.IN,,123,
227,19BCA83,Patel Khushi Mukeshbhai,19BCA83@VTCBB.EDU.IN,,123,
228,19BCA84,Patel Khyati Pareshkumar,19BCA84@VTCBB.EDU.IN,,123,
229,19BCA85,Patel Krushi Jatinkumar,19BCA85@VTCBB.EDU.IN,,123,
230,19BCA86,Patel Manthankumar Dharmeshbhai,19BCA86@VTCBB.EDU.IN,,123,
231,19BCA88,Patel Nidhi Kamleshbhai,19BCA88@VTCBB.EDU.IN,,123,
232,19BCA89,Patel Nistha Vipulbhai,19BCA89@VTCBB.EDU.IN,,123,
233,19BCA90,Patel Nistha Sandipkumar,19BCA90@VTCBB.EDU.IN,,123,
234,19BCA91,Patel Ohm Dipakbhai,19BCA91@VTCBB.EDU.IN,,123,
235,19BCA92,Patel Omkumar Dipilkumar,19BCA92@VTCBB.EDU.IN,,123,
236,19BCA93,Patel Parth Ketanbhai,19BCA93@VTCBB.EDU.IN,,123,
237,19BCA94,Patel Pinali Ishwarbhai,19BCA94@VTCBB.EDU.IN,,123,
238,19BCA95,Patel Priyanshiben Jigneshbhai,19BCA95@VTCBB.EDU.IN,,123,
239,19BCA96,Patel Raj Manishbhai ,19BCA96@VTCBB.EDU.IN,,123,
240,19BCA97,Patel Reema Rakeshbhai,19BCA97@VTCBB.EDU.IN,,123,
241,19BCA98,Patel Richaben Manishbhai,19BCA98@VTCBB.EDU.IN,,123,
242,19BCA99,Patel Rupalben Ashokbhai,19BCA99@VTCBB.EDU.IN,,123,
243,19BCA100,Patel Rushi Vasantbhai,19BCA100@VTCBB.EDU.IN,,123,
244,19BCA101,Patel Ruthvik Sunilbhai,19BCA101@VTCBB.EDU.IN,,123,
245,19BCA102,Patel Shyam Bhumeshbhai,19BCA102@VTCBB.EDU.IN,,123,
246,19BCA103,Patel Siddhi Jatinbhai,19BCA103@VTCBB.EDU.IN,,123,
247,19BCA104,Patel Tej Tarunbhai,19BCA104@VTCBB.EDU.IN,,123,
248,19BCA105,Patel Tinisha Ajay,19BCA105@VTCBB.EDU.IN,,123,
249,19BCA106,Patel Vrushangi Mehulbhai,19BCA106@VTCBB.EDU.IN,,123,
250,19BCA107,Patel Yash Vijaybhai,19BCA107@VTCBB.EDU.IN,,123,
251,19BCA108,Patel Yashvi Shaileshbhai,19BCA108@VTCBB.EDU.IN,,123,
252,19BCA109,Pathan Arshadkhan Ashrafkhan,19BCA109@VTCBB.EDU.IN,,123,
253,19BCA110,Pathan Mo Saffan Sakil,19BCA110@VTCBB.EDU.IN,,123,
254,19BCA112,Patil Bhatangi Manoharbhai,19BCA112@VTCBB.EDU.IN,,123,
255,19BCA113,Patil Kunal Dipakbhai,19BCA113@VTCBB.EDU.IN,,123,
256,19BCA114,Pavar Vishakha Asharam,19BCA114@VTCBB.EDU.IN,,123,
257,19BCA115,Petigara Ayush Niteshkumar,19BCA115@VTCBB.EDU.IN,,123,
258,19BCA116,Prajapati Divya Mahadevbhai,19BCA116@VTCBB.EDU.IN,,123,
259,19BCA117,Prajapati Hemant Shree Ram,19BCA117@VTCBB.EDU.IN,,123,
260,19BCA118,Prajapati Hinal Dharmendrabhai,19BCA118@VTCBB.EDU.IN,,123,
261,19BCA119,Prajapati Manav Jitendrabhai,19BCA119@VTCBB.EDU.IN,,123,
262,19BCA120,Prajapati Nishakumari Dharmeshbhai,19BCA120@VTCBB.EDU.IN,,123,
263,19BCA121,Prajapti Ishaben Nareshbhai,19BCA121@VTCBB.EDU.IN,,123,
264,19BCA122,Prasad Janki Shankarbhai,19BCA122@VTCBB.EDU.IN,,123,
265,19BCA123,Rain Mahamadsadik Asinbhai,19BCA123@VTCBB.EDU.IN,,123,
266,19BCA124,Rajpurohit Pinki Kansingh,19BCA124@VTCBB.EDU.IN,,123,
267,19BCA125,Ramanandi Deep Rajeshbhai,19BCA125@VTCBB.EDU.IN,,123,
268,19BCA127,Rathod Akshaykumar Jagdishbhai,19BCA127@VTCBB.EDU.IN,,123,
269,19BCA129,Rathod Mitalikumari Anilbhai,19BCA129@VTCBB.EDU.IN,,123,
270,19BCA130,Saiyad Ayesha Iqbalbhai,19BCA130@VTCBB.EDU.IN,,123,
271,19BCA132,Siddhpuriya Jay Alpeshbhai,19BCA132@VTCBB.EDU.IN,,123,
272,19BCA133,Solanki Fenilkumar Jitendrabhai,19BCA133@VTCBB.EDU.IN,,123,
273,19BCA134,Soni Ritika Pankajbhai,19BCA134@VTCBB.EDU.IN,,123,
274,19BCA135,Surti Jinal Rajendra,19BCA135@VTCBB.EDU.IN,,123,
275,19BCA136,Surati Vipul Harkishanbhai,19BCA136@VTCBB.EDU.IN,,123,
276,19BCA137,Thakre Alpesh Suresh,19BCA137@VTCBB.EDU.IN,,123,
277,19BCA138,Thakur Rohitkumar Rameshkumar,19BCA138@VTCBB.EDU.IN,,123,
278,19BCA140,Trivedi Shivkumar Santoshkumar,19BCA140@VTCBB.EDU.IN,,123,
279,19BCA141,Vadgama Nichita Rajeshbhai,19BCA141@VTCBB.EDU.IN,,123,
280,19BCA142,Vaghadiya Priya Dineshkumar,19BCA142@VTCBB.EDU.IN,,123,
281,19BCA143,Vansiya Jayrajsinh Rajendrasinh ,19BCA143@VTCBB.EDU.IN,,123,
282,19BCA144,Vansiya Manav Dilipsinh,19BCA144@VTCBB.EDU.IN,,123,
283,19BCA145,Varma Pritesh Karanbhai,19BCA145@VTCBB.EDU.IN,,123,
284,19BCA146,Vashi Priyal Ketankumar,19BCA146@VTCBB.EDU.IN,,123,
285,19BCA147,Varma Aarti Danaram,19BCA147@VTCBB.EDU.IN,,123,
286,19BCA149,Bhojviya Vishal Gordhanbhai,19BCA149@VTCBB.EDU.IN,,123,
287,19bca150,Merai Krisha Bhavesh,19bca150@VTCBB.EDU.IN,,123,
