"Pal,Rajendra",7/15/2021
"Vyas,H.R",7/15/2021
"Norter,Peter",7/15/2021
"Bhattacharyya, S.K.",7/15/2021
"Frye,Curtis",7/15/2021
Choudhury Pabitra Pal,7/15/2021
"Shanti,Narayan",7/15/2021
"White,Ron",7/15/2021
"Kanetkar,Yasha vant",7/15/2021
"Rutkosky,Nita",7/15/2021
"Mcgrath,S.J.",7/15/2021
"Rajaraman,V",7/15/2021
"Patel,G.C.",7/15/2021
"Patel,D.R.",7/15/2021
Patel D.R.,7/15/2021
"Robbin,Stephen p",7/15/2021
"Aswathappa,K.",7/15/2021
"Das,Sumitabha",7/15/2021
"Ramachandran, Neelakantan",7/15/2021
"Taxali,R.K.",7/15/2021
"Narayan,Shanti",7/15/2021
"Wright,Chrissie",7/15/2021
"Balagurusamy,E",7/15/2021
"Sherlekar,S.A.",7/15/2021
,7/15/2021
"Gottfried,Byror S.",7/15/2021
"Loney,S.L.",7/15/2021
"Stalling,William",7/15/2021
"Silberschatz,Abr aham",7/15/2021
"Kernighan,B.W.",7/15/2021
"Ahuja,H.L.",7/15/2021
"Trivedi,H.K.",7/15/2021
"Koontz,Harold",7/15/2021
"Ramasamy,T",7/15/2021
"Rana,T.J.",7/15/2021
"Prasad,L.M.",7/15/2021
"Duff,Alan McConnell",7/15/2021
"Kaul,Asha",7/15/2021
"Grant,Taylor",7/15/2021
"Sinha,Pradeep K.",7/15/2021
"Shenoy,G.V.",7/15/2021
"Sancheti,D.C.",7/15/2021
"Mustafi,Chanda n Kumar",7/15/2021
"Mohanraj,Jayas hree",7/15/2021
"Ulrich,Laurie",7/15/2021
"Dwivedi,D.N.",7/15/2021
"Nadar,E Narayanan",7/15/2021
"Maheshwari,Yog esh",7/15/2021
"Narayanaswamy
.R.",7/15/2021
"Raghavachari,M",7/15/2021
"Bhatnagar,R.P.",7/15/2021
"Mohan,Krishna",7/15/2021
"Monippally,Matt hukutty M.",7/15/2021
"Maheshwari,S.N
.",7/15/2021
"Dixson,Robert J",7/15/2021
"Sethi,J.",7/15/2021
"Joshi,R.C.",7/15/2021
"Newstrom,John W.",7/15/2021
"Kuppapally,Jels y Joseph",7/15/2021
"Vanikar,Ranu",7/15/2021
"Peechaatt,Jame s Thomas",7/15/2021
"Tickoo,Champa",7/15/2021
"Patil,Z.N.",7/15/2021
"Thomson,A.J.",7/15/2021
"Khera,Shiv",7/15/2021
"Vijaliwala,I.K.",7/15/2021
"Sachidanand,Sa mi",7/15/2021
"Pankaj,S.",7/15/2021
"Date,C.J.",7/15/2021
"Sastry, S.S.",7/15/2021
"Pillai, R.S.N.",7/15/2021
Lipschutz,7/15/2021
Trembly,7/15/2021
"Pressman, Roger S.",7/15/2021
"Stair,Ralph",7/15/2021
"Holzner,Steven",7/15/2021
"Bayross,Ivan",7/15/2021
"Tanenbaum,And rew S.",7/15/2021
"Forouzan,Behro uz A.",7/15/2021
"Murthy,C.S.V.",7/15/2021
Sybex,7/15/2021
"Jalote,Pankaj",7/15/2021
"Elhance,D.N.",7/15/2021
"Kotler,Philip",7/15/2021
"Pillai,R.S.N.",7/15/2021
"Gupta,S.P.",7/15/2021
"Bhar,B.K.",7/15/2021
"Chandra,Prasan na",7/15/2021
"Adam,Everette",7/15/2021
"Mamoria,C.B.",7/15/2021
"Pathak,Bharati V.",7/15/2021
"Pandey,I.M",7/15/2021
"Joshi,Snehal",7/15/2021
"Deshpande,P.G",7/15/2021
"Singh,Y.K.",7/15/2021
"Gami,N.D.",7/15/2021
"Agarwal,B.L.",7/15/2021
"Vyas,H.R.",7/15/2021
"Kishore,Ravi M.",7/15/2021
"Vyas,Yogendra",7/15/2021
"Majmundar,P.C.",7/15/2021
"Sherlekar,V.S.",7/15/2021
"Chunawalla,S.A",7/15/2021
"Gupta,C.B.",7/15/2021
"Srinivasan,R.",7/15/2021
"Lal,Jawahar",7/15/2021
"Bhardwaj,R.S.",7/15/2021
"Doff,Adrian",7/15/2021
"McCarthy,Micha el",7/15/2021
"samuelson,Paul A.",7/15/2021
"Mithani,D.M.",7/15/2021
"Stephen,Robbin s",7/15/2021
"Bhamore,N.P.",7/15/2021
"Schildt,Herbert",7/15/2021
"O'nell,Joseph",7/15/2021
"Gennick,Jonath an",7/15/2021
"Deshpande,P.S.",7/15/2021
"Patel,Bankim",7/15/2021
"Gokhale,Shridha r",7/15/2021
Yashvant Kanetkar,7/15/2021
Vyash.H.R,7/15/2021
Rao.V.S.P,7/15/2021
Wren P.C,7/15/2021
Murphy. Raymond,7/15/2021
Ravichandran.D,7/15/2021
Horowitz Ellis,7/15/2021
Sastry.S.S,7/15/2021
"Gopal, Arpita",7/15/2021
"Kelkar,S.A",7/15/2021
Chandra.Bose.D,7/15/2021
"Chandra,Pramo d",7/15/2021
"Mall,Rajib",7/15/2021
Anami.Basavara j.S,7/15/2021
Kelkar.S.A,7/15/2021
Lata.Pushp,7/15/2021
Srinivasan.R,7/15/2021
Konar.Nira,7/15/2021
Gopalan.N.P,7/15/2021
Prasad.Kesho,7/15/2021
Gopal.Arpita,7/15/2021
James.L.K,7/15/2021
Barney.B.Jay,7/15/2021
David.Fred,7/15/2021
Patel.D.G,7/15/2021
Khan.M.Y,7/15/2021
Faye.Curtis,7/15/2021
Cox.Jovce,7/15/2021
Aswathappa.K,7/15/2021
"Kaul , Asha",7/15/2021
"Nilanjana,Gupta",7/15/2021
"Patel,G.C",7/15/2021
Koneru.Aruna,7/15/2021
Gordon.E,7/15/2021
Kumar.Vimal,7/15/2021
Chandra.Prasan na,7/15/2021
Cooper. Donald.R,7/15/2021
"Cooper, Donald
.R",7/15/2021
Beri.G.C,7/15/2021
Kazmi.Azhar,7/15/2021
Bhalla.V.K,7/15/2021
Kalakalakota.Ra vi,7/15/2021
Cherunilam.Fran cis,7/15/2021
Cherunilam.Francis,7/15/2021
"Pandian,Pnithav athy",7/15/2021
"Desai,Vasant",7/15/2021
"Scsildt,Herbert",7/15/2021
"SPaanjaars,Ima",7/15/2021
"Balagurusamy , E.",7/15/2021
"Spaanjaars,Imar",7/15/2021
"Macdonald,Matt hew",7/15/2021
"Macdonald,Math ew",7/15/2021
"Jivani,Anjali",7/15/2021
"Chudhary, Jaydeep",7/15/2021
"Vaidya,Ami",7/15/2021
"Solanki,Yatin.k",7/15/2021
"Sharma,Sangee ta",7/15/2021
"Gami,N.D",7/15/2021
"Patel,D.G",7/15/2021
"Patel,Vinod.B",7/15/2021
"Joshi,R.C",7/15/2021
"Awad,Elias",7/15/2021
"Satzinger,John",7/15/2021
"Sinha,P.K",7/15/2021
"Dakorwala,n.k",7/15/2021
"Gupta,Nilajana",7/15/2021
"Suehring,Steve",7/15/2021
"Murthy,c.s.v",7/15/2021
"Bajaj,Kamlesh. K",7/15/2021
"Parthasarthy,S",7/15/2021
Kundan.K,7/15/2021
Chopra.J.K,7/15/2021
Agrawal's Chandres,7/15/2021
"Aggarwal,R.S",7/15/2021
"Pillai,R.S.N",7/15/2021
"Kazmi,S.H.H",7/15/2021
"Bhamore,N.P",7/15/2021
"Gupta,C.B",7/15/2021
"David,Fred.R",7/15/2021
"Joseph,P.T",7/15/2021
"Khanka,S.S",7/15/2021
Khanka.S.S,7/15/2021
"Kazmi,Azhar",7/15/2021
"Chawda,Bharat. V",7/15/2021
"Murthy,C.V.S",7/15/2021
Balaguru.E,7/15/2021
"Desai,Apurva.A",7/15/2021
"David,Fred,R",7/15/2021
"Rao,Subba.P",7/15/2021
"Balagopal,T.A.S",7/15/2021
"Rathor,B.S",7/15/2021
"Shah,Sonal.B",7/15/2021
"Rana,T.J",7/15/2021
"Srinivasan,R",7/15/2021
"Comer,Douglas. E",7/15/2021
"Ratnam,Venkat a.C.S",7/15/2021
"Pearce,John.A",7/15/2021
"Tulsian,P.C",7/15/2021
"Convey,Stephen
,R",7/15/2021
"Bhagat , Chetan",7/15/2021
"Ranganathanan da, Swami",7/15/2021
"Haris , Herbert",7/15/2021
A P J Abdul Kalam,7/15/2021
A P J  Abdul Kalam,7/15/2021
"Byrne, Rhonda",7/15/2021
Rashmi Ne  Desh  Moklo,7/15/2021
"Lovelock , Christopher",7/15/2021
"Kotler, Philip",7/15/2021
"Pillai ,R.S. N",7/15/2021
Author1,7/15/2021
"Stevenson , J. Wiiliam",7/15/2021
"Russell
,Robertas",7/15/2021
"Bayross , Ivan",7/15/2021
"Shah , Premal",7/15/2021
Jariwala. Nikisha B.,7/15/2021
"Gami , N.D",7/15/2021
"Polishwala ,Vira
.B",7/15/2021
"Chunawala , S. A",7/15/2021
"Jauhari , Vinnie",7/15/2021
"Solanki , Ashoksinh .V",7/15/2021
"James , K.L",7/15/2021
"Dr. Gupta, S.P",7/15/2021
"Chawda , Shyam . N",7/15/2021
"Desai , Apurva . A",7/15/2021
"Shah , Sonal . B",7/15/2021
"Joshi , Snehal . K",7/15/2021
"Keller,Kevin Lane",7/15/2021
"Still , Richard .R",7/15/2021
"Subba Rao, P.",7/15/2021
"Cherunilam , Francis",7/15/2021
"Shapiro , Alan
.C",7/15/2021
"Mehta, Chirag
.D",7/15/2021
"Patel, Yatin . H",7/15/2021
"Patel,Yatin .H",7/15/2021
"Mehta ,Chirag
.D",7/15/2021
"Joshi ,Rakesh Mohan",7/15/2021
"Zeithaml
,Valarie .A",7/15/2021
"Fitzsimmons
,James .A",7/15/2021
"Saxena , Rajan",7/15/2021
"Khan ,M.Y",7/15/2021
"Morena , R.D",7/15/2021
"Sapariya , Navin
.H",7/15/2021
"Maisuriya , Anil
. R",7/15/2021
"Rathor, B.S",7/15/2021
"Francis , Cherunilam",7/15/2021
"Chauhan , Paya
.P",7/15/2021
"Bhamore , N. P",7/15/2021
"Panchal , Ronak
.K",7/15/2021
Popular Professors,7/15/2021
"Gore , B.M",7/15/2021
"Jai , Prakash.P",7/15/2021
"Dolia , Prashant.M",7/15/2021
"Kumbharana ,C
.K",7/15/2021
"Dobariya , Ashwin",7/15/2021
"Bhatia , Ruchi",7/15/2021
"Appannaiah , H.R",7/15/2021
"Vinayakam , N.",7/15/2021
"Gordon , E.",7/15/2021
"Madegowda , J.",7/15/2021
"Karunakaran , K",7/15/2021
"Gupta , S.L",7/15/2021
"Gupta , S. L",7/15/2021
"Nargundkar,Raj ndrar",7/15/2021
"Nargundkar,Raj ndra",7/15/2021
"Johnston , Mark
.W",7/15/2021
"Varshney ,R .L",7/15/2021
"Malhotra , Naresh",7/15/2021
"Zikmund , William .G",7/15/2021
"Saunders , Mark",7/15/2021
"Pattanayak , Biswajeet",7/15/2021
"Patel , Zakirhusen",7/15/2021
"Shah , Sonal .B",7/15/2021
"Chawda , Shyam.N",7/15/2021
"Prasad , L.M",7/15/2021
"Bhamore , N.P",7/15/2021
"Joshi ,R.C",7/15/2021
Kevin  S.,7/15/2021
"Vohra , N.D",7/15/2021
"Limbad , Shailesh .J",7/15/2021
"Gore , B.M.",7/15/2021
"Sharan , Vyuptakesh",7/15/2021
"Bhalla , V.K.",7/15/2021
"Desai , Vasant",7/15/2021
P.  Subba  Rao,7/15/2021
P.,7/15/2021
P.  Subba,7/15/2021
"Gore , B. M.",7/15/2021
"Toor , N.S.",7/15/2021
"Jani , Yogendra",7/15/2021
"Adhiya , Jitendra",7/15/2021
"Mehta , Dhawal",7/15/2021
"Mehta , Chirag D.",7/15/2021
"Silberschatz, Abraham",7/15/2021
"Chawda , Shyam  N.",7/15/2021
"Shah , Sonal  B.",7/15/2021
"Vaidya , Ami",7/15/2021
"Khanka , S.S.",7/15/2021
Vyas .H.R,7/15/2021
"Rana , T.J.",7/15/2021
McCarthy Michael,7/15/2021
"Jalote , Pankaj",7/15/2021
"Shah , Sonal",7/15/2021
"Taxali , R. K.",7/15/2021
"Jariwala , Nikisha B.",7/15/2021
"Forouzan , Behrouz  A.",7/15/2021
"Forouzan , Behrouz A.",7/15/2021
"Zeithaml, Valariea",7/15/2021
"Zeithaml , Valarie A.",7/15/2021
"Adam , Everett E.",7/15/2021
"Dhotre , I.A.",7/15/2021
"Kothari , Pradeep",7/15/2021
"Shema , Mike",7/15/2021
"Parthasarathy , S.",7/15/2021
"Kanetkar, Yashavant",7/15/2021
"Gupta , R. L.",7/15/2021
"Mukharjee, Amitabha",7/15/2021
"Mukharjee , Amitabha",7/15/2021
"Gupta , S. C.",7/15/2021
"Martinich , Joseph  S.",7/15/2021
"Malhotra , Naresh  K.",7/15/2021
"Sancheti , D. C.",7/15/2021
"Solanki , Yatin",7/15/2021
"Joshi , R.C.",7/15/2021
"Dhanavel, S. P.",7/15/2021
"Panchal , Ronakkumar.k",7/15/2021
Agrawal's Chandresh,7/15/2021
"Sharma, Surabhi",7/15/2021
"Sheikh,Shehnaz Pravin",7/15/2021
"Fowler, Martin",7/15/2021
"Chase, Rechard R.",7/15/2021
Ken  Block,7/15/2021
Dessler  Gary,7/15/2021
Dessler,7/15/2021
Bulchandani k. R.,7/15/2021
Schiffman  Leon G.,7/15/2021
Hisrich  Robert D.,7/15/2021
Mankiw  N. Gregory,7/15/2021
Shah  Paresh,7/15/2021
Sharma  J. K.,7/15/2021
Weihrich,7/15/2021
Black,7/15/2021
Khan,7/15/2021
Khan  M. Y.,7/15/2021
Reilly  Frank  K.,7/15/2021
I. M. Pandey,7/15/2021
Das  Pulak,7/15/2021
Anthony  Robert N.,7/15/2021
Anthony N.,7/15/2021
Belch  George E.,7/15/2021
Janakiramanan Sundaram,7/15/2021
Thompson Arthur,7/15/2021
Murthy  C. S. V.,7/15/2021
Murthy,7/15/2021
"Cooper,
.R",7/15/2021
O' Brien A.,7/15/2021
O' Brien  James A.,7/15/2021
Weihrich  Heinz,7/15/2021
Das  Bhagaban,7/15/2021
Robbins Stephen,7/15/2021
Armstrong Michael,7/15/2021
Padhi  P. K.,7/15/2021
Havaldar Krishna,7/15/2021
Brown  Donald R.,7/15/2021
Rai  Urmila,7/15/2021
Gupta  Ambrish,7/15/2021
Joshi,7/15/2021
Pal  Rajendra,7/15/2021
"E.
Balagurusamy",7/15/2021
Prasad  L. M.,7/15/2021
"Joshi, R. C.",7/15/2021
"Chauhan ,
.P",7/15/2021
Desai  Ami,7/15/2021
Velte T.,7/15/2021
Titiya D.,7/15/2021
DT  Editorial Services,7/15/2021
Brassard  Gilles,7/15/2021
Singh  Ravish R.,7/15/2021
Dhotre  I. A.,7/15/2021
"Puntambekar
A. A.",7/15/2021
Bagad  V.  S.,7/15/2021
Godse  A.  P.,7/15/2021
Chawda  Bharat V.,7/15/2021
Chawda  Shyam N.,7/15/2021
Velte  Anthony T.,7/15/2021
Titiya  Mahesh D.,7/15/2021
Vaghela Vimalkumar B.,7/15/2021
Savaliya  M.  T.,7/15/2021
Patel  J.  B.,7/15/2021
Ptel  J.  B.,7/15/2021
Kalariya  M. B.,7/15/2021
Savaliya  M. T.,7/15/2021
Kothari Pradeep,7/15/2021
Yener  Murat,7/15/2021
Raasch  Jon,7/15/2021
Jones  Robert,7/15/2021
"Patel, D.G.",7/15/2021
"Joshi, R.C.",7/15/2021
Wirtz Jochen,7/15/2021
Sheikh Shenaz,7/15/2021
Chauhan Payalben P.,7/15/2021
"Balagurusamy,E
.",7/15/2021
"Taxali, R. K.",7/15/2021
Guttag John V.,7/15/2021
Mehra Mahendra,7/15/2021
Patel D. G.,7/15/2021
"Kaul, Asha",7/15/2021
Vyas H. R.,7/15/2021
Kaul Asha,7/15/2021
Patel Chandrakant,7/15/2021
Shah J. B.,7/15/2021
Bharucha Erach,7/15/2021
Joshi Snehal K.,7/15/2021
Mehta Chirag,7/15/2021
Mehta Chirag D.,7/15/2021
Solanki Yatin,7/15/2021
Dhotre I. A.,7/15/2021
Chauhan Payalben,7/15/2021
Joseph P. T.,7/15/2021
Murthy C. S. V.,7/15/2021
K. Aswathappa,7/15/2021
Patel Zakirhusen,7/15/2021
Joshi R. C.,7/15/2021
L. M. Prasad,7/15/2021
"Gami, N. D.",7/15/2021
"Gandhi, Mohandas K.",7/15/2021
Saini Jatinderkumar R.,7/15/2021
Gupta S. P.,7/15/2021
Balagurusamy E.,7/15/2021
Bayross Ivan,7/15/2021
Trott Paul,7/15/2021
Rose Peter S.,7/15/2021
Suresh Padmalatha,7/15/2021
Varshney P. N.,7/15/2021
Rao V.S.P,7/15/2021
Jagadev Alokkumar,7/15/2021
Gupta S. P,7/15/2021
Gupta Prachi,7/15/2021
Muraleedharan D.,7/15/2021
Gupta Seema,7/15/2021
Reddy Narayan P.,7/15/2021
Mallin Christine A.,7/15/2021
Blowfield Michael,7/15/2021
Charantimath Poornima M.,7/15/2021
Desai Vasant,7/15/2021
"Singhania, Vinod K.",7/15/2021
Hill Charles W.L.,7/15/2021
Puri V.K.,7/15/2021
Ahuja Girish,7/15/2021
Datey V.S.,7/15/2021
Mohan CA. Rajat,7/15/2021
Aswathappa K.,7/15/2021
Cherunilam Francis,7/15/2021
Monks Joseph G.,7/15/2021
Shah Ramakant,7/15/2021
Rathod Chetan N.,7/15/2021
"Vyas, Amish D.",7/15/2021
Desai Pragnesh B.,7/15/2021
